SeqSampleID,Population,Line,Rep,PlantingBlock,Tube,Flower,Long_Stamens,Short_Stamens,Elev_m
Ale-4,ALE,4,A,1,74,1,4,2,1229
Ale-4,ALE,4,A,1,74,2,4,2,1229
Ale-4,ALE,4,A,1,199,1,4,2,1229
Ale-4,ALE,4,A,1,199,2,4,2,1229
Ale-4,ALE,4,A,1,259,1,4,2,1229
Ale-4,ALE,4,B,1,53,1,4,2,1229
Ale-4,ALE,4,B,1,53,2,4,2,1229
Ale-4,ALE,4,B,1,105,1,4,2,1229
Ale-4,ALE,4,B,1,105,2,4,2,1229
Ale-4,ALE,4,B,1,200,1,4,2,1229
ALE10,ALE,10,a,3,1,1,4,2,1229
ALE10,ALE,10,a,3,1,2,4,2,1229
ALE10,ALE,10,a,3,1,3,4,2,1229
ALE10,ALE,10,a,3,2,1,4,2,1229
ALE10,ALE,10,a,3,2,2,4,2,1229
ALE10,ALE,10,a,3,2,3,4,2,1229
ALE10,ALE,10,a,3,3,1,4,2,1229
ALE10,ALE,10,a,3,3,2,4,2,1229
ALE10,ALE,10,a,3,3,3,4,2,1229
ALE10,ALE,10,b,3,1,1,4,2,1229
ALE10,ALE,10,b,3,1,2,4,2,1229
ALE10,ALE,10,b,3,1,3,4,2,1229
ALE10,ALE,10,b,3,2,1,4,2,1229
ALE10,ALE,10,b,3,2,2,4,2,1229
ALE10,ALE,10,b,3,2,3,4,2,1229
ALE10,ALE,10,b,3,3,1,4,2,1229
ALE10,ALE,10,b,3,3,2,4,2,1229
ALE10,ALE,10,b,3,3,3,4,2,1229
ALE10,ALE,10,c,3,1,1,4,2,1229
ALE10,ALE,10,c,3,1,2,4,2,1229
ALE10,ALE,10,c,3,1,3,4,2,1229
ALE10,ALE,10,c,3,2,1,4,2,1229
ALE10,ALE,10,c,3,2,2,4,2,1229
ALE10,ALE,10,c,3,2,3,4,2,1229
ALE10,ALE,10,c,3,3,1,4,2,1229
ALE10,ALE,10,c,3,3,2,4,2,1229
ALE10,ALE,10,c,3,3,3,4,2,1229
ALE10,ALE,10,d,3,1,1,4,2,1229
ALE10,ALE,10,d,3,1,2,4,2,1229
ALE10,ALE,10,d,3,1,3,4,2,1229
ALE10,ALE,10,d,3,2,1,4,2,1229
ALE10,ALE,10,d,3,2,2,4,2,1229
ALE10,ALE,10,d,3,2,3,4,2,1229
ALE10,ALE,10,d,3,3,1,4,2,1229
ALE10,ALE,10,d,3,3,2,4,2,1229
ALE10,ALE,10,d,3,3,3,4,2,1229
Ale-12,ALE,12,a,3,1,1,4,2,1229
Ale-12,ALE,12,a,3,1,2,4,2,1229
Ale-12,ALE,12,a,3,1,3,4,2,1229
Ale-12,ALE,12,a,3,2,1,4,2,1229
Ale-12,ALE,12,a,3,2,2,4,2,1229
Ale-12,ALE,12,a,3,2,3,4,2,1229
Ale-12,ALE,12,a,3,3,1,4,2,1229
Ale-12,ALE,12,a,3,3,2,4,2,1229
Ale-12,ALE,12,a,3,3,3,4,2,1229
Ale-12,ALE,12,b,3,1,1,4,2,1229
Ale-12,ALE,12,b,3,1,2,4,2,1229
Ale-12,ALE,12,b,3,1,3,4,2,1229
Ale-12,ALE,12,b,3,2,1,4,2,1229
Ale-12,ALE,12,b,3,2,2,4,2,1229
Ale-12,ALE,12,b,3,2,3,4,2,1229
Ale-12,ALE,12,b,3,3,1,4,2,1229
Ale-12,ALE,12,b,3,3,2,4,2,1229
Ale-12,ALE,12,b,3,3,3,4,2,1229
Ale-12,ALE,12,c,3,1,1,4,2,1229
Ale-12,ALE,12,c,3,1,2,4,2,1229
Ale-12,ALE,12,c,3,1,3,4,2,1229
Ale-12,ALE,12,c,3,2,1,4,2,1229
Ale-12,ALE,12,c,3,2,2,4,2,1229
Ale-12,ALE,12,c,3,2,3,4,2,1229
Ale-12,ALE,12,c,3,3,1,4,1,1229
Ale-12,ALE,12,c,3,3,2,4,2,1229
Ale-12,ALE,12,c,3,3,3,4,2,1229
Ale-12,ALE,12,d,3,1,1,4,2,1229
Ale-12,ALE,12,d,3,1,2,4,2,1229
Ale-12,ALE,12,d,3,1,3,4,2,1229
Ale-12,ALE,12,d,3,2,1,4,2,1229
Ale-12,ALE,12,d,3,2,2,4,2,1229
Ale-12,ALE,12,d,3,2,3,4,2,1229
Ale-12,ALE,12,d,3,3,1,4,2,1229
Ale-12,ALE,12,d,3,3,2,4,2,1229
Ale-12,ALE,12,d,3,3,3,4,2,1229
ALE16,ALE,16,a,3,1,1,4,2,1229
ALE16,ALE,16,a,3,1,2,4,2,1229
ALE16,ALE,16,a,3,1,3,4,2,1229
ALE16,ALE,16,a,3,2,1,4,2,1229
ALE16,ALE,16,a,3,2,2,4,2,1229
ALE16,ALE,16,a,3,2,3,4,2,1229
ALE16,ALE,16,a,3,3,1,4,2,1229
ALE16,ALE,16,a,3,3,2,4,2,1229
ALE16,ALE,16,a,3,3,3,4,2,1229
ALE16,ALE,16,b,3,1,1,4,2,1229
ALE16,ALE,16,b,3,1,2,4,2,1229
ALE16,ALE,16,b,3,1,3,4,2,1229
ALE16,ALE,16,b,3,2,1,4,2,1229
ALE16,ALE,16,b,3,2,2,4,2,1229
ALE16,ALE,16,b,3,2,3,4,2,1229
ALE16,ALE,16,b,3,3,1,4,2,1229
ALE16,ALE,16,b,3,3,2,4,2,1229
ALE16,ALE,16,b,3,3,3,4,2,1229
ALE16,ALE,16,c,3,1,1,4,2,1229
ALE16,ALE,16,c,3,1,2,4,2,1229
ALE16,ALE,16,c,3,1,3,4,2,1229
ALE16,ALE,16,c,3,2,1,4,2,1229
ALE16,ALE,16,c,3,2,2,4,2,1229
ALE16,ALE,16,c,3,2,3,4,2,1229
ALE16,ALE,16,c,3,3,1,4,2,1229
ALE16,ALE,16,c,3,3,2,4,2,1229
ALE16,ALE,16,c,3,3,3,4,2,1229
ALE16,ALE,16,d,3,1,1,4,2,1229
ALE16,ALE,16,d,3,1,2,4,2,1229
ALE16,ALE,16,d,3,1,3,4,2,1229
ALE16,ALE,16,d,3,2,1,4,2,1229
ALE16,ALE,16,d,3,2,2,4,2,1229
ALE16,ALE,16,d,3,2,3,4,2,1229
ALE16,ALE,16,d,3,3,1,4,2,1229
ALE16,ALE,16,d,3,3,2,4,2,1229
ALE16,ALE,16,d,3,3,3,4,2,1229
ARB3,ARU,3,C,2,338,2,4,2,416
ARB3,ARU,3,C,2,357,1,4,2,416
ARB3,ARU,3,C,2,357,2,4,2,416
ARB3,ARU,3,C,2,380,1,4,1,416
ARB3,ARU,3,C,2,380,2,4,1,416
Arb-6,ARU,6,C,2,346,1,4,2,416
Arb-6,ARU,6,C,2,346,2,4,2,416
Arb-6,ARU,6,C,2,366,1,4,2,416
Arb-6,ARU,6,C,2,366,2,4,2,416
Arb-6,ARU,6,C,2,386,1,4,0,416
Arb-6,ARU,6,C,2,386,2,4,0,416
Arb-8,ARU,8,C,2,351,1,4,2,416
Arb-8,ARU,8,C,2,351,2,4,2,416
Arb-8,ARU,8,C,2,371,1,4,0,416
Arb-8,ARU,8,C,2,371,2,4,2,416
Arb-8,ARU,8,C,2,392,1,4,0,416
Arb-8,ARU,8,C,2,392,2,4,2,416
Arb-10,ARU,10,a,3,1,1,4,2,416
Arb-10,ARU,10,a,3,1,2,4,2,416
Arb-10,ARU,10,a,3,1,3,4,2,416
Arb-10,ARU,10,a,3,2,1,4,2,416
Arb-10,ARU,10,a,3,2,2,4,2,416
Arb-10,ARU,10,a,3,2,3,4,2,416
Arb-10,ARU,10,a,3,3,1,4,2,416
Arb-10,ARU,10,a,3,3,2,4,2,416
Arb-10,ARU,10,a,3,3,3,4,2,416
Arb-10,ARU,10,b,3,1,1,4,2,416
Arb-10,ARU,10,b,3,1,2,4,2,416
Arb-10,ARU,10,b,3,1,3,4,2,416
Arb-10,ARU,10,b,3,2,1,4,2,416
Arb-10,ARU,10,b,3,2,2,4,2,416
Arb-10,ARU,10,b,3,2,3,4,2,416
Arb-10,ARU,10,b,3,3,1,4,2,416
Arb-10,ARU,10,b,3,3,2,4,2,416
Arb-10,ARU,10,b,3,3,3,4,2,416
Arb-10,ARU,10,c,3,1,1,4,2,416
Arb-10,ARU,10,c,3,1,2,4,2,416
Arb-10,ARU,10,c,3,1,3,4,2,416
Arb-10,ARU,10,c,3,2,1,4,2,416
Arb-10,ARU,10,c,3,2,2,4,2,416
Arb-10,ARU,10,c,3,2,3,4,2,416
Arb-10,ARU,10,c,3,3,1,4,2,416
Arb-10,ARU,10,c,3,3,2,4,2,416
Arb-10,ARU,10,c,3,3,3,4,2,416
Arb-10,ARU,10,d,3,1,1,4,2,416
Arb-10,ARU,10,d,3,1,2,4,2,416
Arb-10,ARU,10,d,3,1,3,4,2,416
Arb-10,ARU,10,d,3,2,1,4,2,416
Arb-10,ARU,10,d,3,2,2,4,2,416
Arb-10,ARU,10,d,3,2,3,4,2,416
Arb-10,ARU,10,d,3,3,1,4,2,416
Arb-10,ARU,10,d,3,3,2,4,2,416
Arb-10,ARU,10,d,3,3,3,4,2,416
Bar-3,BAR,3,C,2,343,1,4,1,441
Bar-3,BAR,3,C,2,343,2,4,2,441
Bar-3,BAR,3,C,2,364,1,4,2,441
Bar-3,BAR,3,C,2,364,2,4,2,441
Bar-3,BAR,3,C,2,387,1,4,2,441
Bar-3,BAR,3,C,2,387,2,4,2,441
BAR4,BAR,4,A,1,24,1,4,1,441
BAR4,BAR,4,A,1,24,2,4,2,441
BAR4,BAR,4,A,1,55,1,4,2,441
BAR4,BAR,4,A,1,55,2,4,2,441
BAR4,BAR,4,A,1,176,1,4,2,441
BAR4,BAR,4,A,1,238,1,4,2,441
BAR4,BAR,4,A,1,238,2,4,2,441
BAR4,BAR,4,B,1,87,1,4,2,441
BAR4,BAR,4,B,1,87,2,4,2,441
BAR4,BAR,4,B,1,141,1,4,2,441
BAR4,BAR,4,B,1,141,2,4,2,441
BAR4,BAR,4,B,1,222,1,4,1,441
BAR9,BAR,9,a,3,1,1,4,1,441
BAR9,BAR,9,a,3,1,2,4,2,441
BAR9,BAR,9,a,3,1,3,4,2,441
BAR9,BAR,9,a,3,2,1,4,2,441
BAR9,BAR,9,a,3,2,2,4,2,441
BAR9,BAR,9,a,3,2,3,4,2,441
BAR9,BAR,9,a,3,3,1,4,2,441
BAR9,BAR,9,a,3,3,2,4,2,441
BAR9,BAR,9,a,3,3,3,4,2,441
BAR9,BAR,9,b,3,1,1,4,2,441
BAR9,BAR,9,b,3,1,2,4,2,441
BAR9,BAR,9,b,3,1,3,4,2,441
BAR9,BAR,9,b,3,2,1,4,2,441
BAR9,BAR,9,b,3,2,2,4,2,441
BAR9,BAR,9,b,3,2,3,4,2,441
BAR9,BAR,9,b,3,3,1,4,2,441
BAR9,BAR,9,b,3,3,2,4,2,441
BAR9,BAR,9,b,3,3,3,4,2,441
BAR9,BAR,9,c,3,1,1,4,1,441
BAR9,BAR,9,c,3,1,2,4,2,441
BAR9,BAR,9,c,3,1,3,4,2,441
BAR9,BAR,9,c,3,2,1,4,2,441
BAR9,BAR,9,c,3,2,2,4,2,441
BAR9,BAR,9,c,3,2,3,4,2,441
BAR9,BAR,9,c,3,3,1,4,2,441
BAR9,BAR,9,c,3,3,2,4,2,441
BAR9,BAR,9,c,3,3,3,4,2,441
BAR9,BAR,9,d,3,1,1,4,2,441
BAR9,BAR,9,d,3,1,2,4,2,441
BAR9,BAR,9,d,3,1,3,4,2,441
BAR9,BAR,9,d,3,2,1,4,2,441
BAR9,BAR,9,d,3,2,2,4,2,441
BAR9,BAR,9,d,3,2,3,4,2,441
BAR9,BAR,9,d,3,3,1,4,2,441
BAR9,BAR,9,d,3,3,2,4,2,441
BAR9,BAR,9,d,3,3,3,4,2,441
BAR11,BAR,11,A,1,4,1,4,1,441
BAR11,BAR,11,A,1,4,2,4,1,441
BAR11,BAR,11,A,1,45,1,4,2,441
BAR11,BAR,11,A,1,136,1,4,0,441
BAR11,BAR,11,A,1,136,2,4,1,441
BAR11,BAR,11,B,1,91,1,4,2,441
BAR11,BAR,11,B,1,91,2,4,2,441
BAR11,BAR,11,B,1,145,1,4,2,441
BAR11,BAR,11,B,1,145,2,4,2,441
BAR11,BAR,11,B,1,224,1,4,2,441
BAR11,BAR,11,B,1,224,2,4,2,441
BIS8,BIS,8,A,1,197,1,4,2,1444
BIS8,BIS,8,A,1,197,2,4,2,1444
BIS8,BIS,8,A,1,258,1,4,1,1444
BIS8,BIS,8,A,1,258,2,4,2,1444
BIS8,BIS,8,B,1,125,1,4,2,1444
BIS8,BIS,8,B,1,125,2,4,2,1444
BIS8,BIS,8,B,1,248,1,3,1,1444
BIS8,BIS,8,B,1,248,2,4,2,1444
BIS8,BIS,8,B,1,294,1,4,2,1444
BIS8,BIS,8,B,1,294,2,4,2,1444
BIS11,BIS,11,A,1,191,1,4,1,1444
BIS11,BIS,11,A,1,191,2,4,2,1444
BIS11,BIS,11,B,1,63,1,4,1,1444
BIS11,BIS,11,B,1,63,2,4,2,1444
BIS11,BIS,11,B,1,175,1,4,2,1444
BIS11,BIS,11,B,1,237,1,4,2,1444
BIS11,BIS,11,B,1,237,2,4,2,1444
BIS16,BIS,16,a,3,1,1,4,2,1444
BIS16,BIS,16,a,3,1,2,4,2,1444
BIS16,BIS,16,a,3,1,3,4,2,1444
BIS16,BIS,16,a,3,2,1,4,2,1444
BIS16,BIS,16,a,3,2,2,4,2,1444
BIS16,BIS,16,a,3,2,3,4,2,1444
BIS16,BIS,16,a,3,3,1,4,2,1444
BIS16,BIS,16,a,3,3,2,4,2,1444
BIS16,BIS,16,a,3,3,3,4,2,1444
BIS16,BIS,16,b,3,1,1,4,2,1444
BIS16,BIS,16,b,3,1,2,4,2,1444
BIS16,BIS,16,b,3,1,3,4,2,1444
BIS16,BIS,16,b,3,2,1,4,2,1444
BIS16,BIS,16,b,3,2,2,4,2,1444
BIS16,BIS,16,b,3,2,3,4,2,1444
BIS16,BIS,16,b,3,3,1,4,2,1444
BIS16,BIS,16,b,3,3,2,4,2,1444
BIS16,BIS,16,b,3,3,3,4,2,1444
BIS16,BIS,16,c,3,1,1,4,2,1444
BIS16,BIS,16,c,3,1,2,4,2,1444
BIS16,BIS,16,c,3,1,3,4,2,1444
BIS16,BIS,16,c,3,2,1,4,2,1444
BIS16,BIS,16,c,3,2,2,4,2,1444
BIS16,BIS,16,c,3,2,3,4,2,1444
BIS16,BIS,16,c,3,3,1,4,2,1444
BIS16,BIS,16,c,3,3,2,4,2,1444
BIS16,BIS,16,c,3,3,3,4,2,1444
BIS20,BIS,20,a,3,1,1,4,2,1444
BIS20,BIS,20,a,3,1,2,4,1,1444
BIS20,BIS,20,a,3,1,3,4,2,1444
BIS20,BIS,20,a,3,2,1,4,2,1444
BIS20,BIS,20,a,3,2,2,4,2,1444
BIS20,BIS,20,a,3,2,3,4,2,1444
BIS20,BIS,20,a,3,3,1,4,2,1444
BIS20,BIS,20,a,3,3,2,4,2,1444
BIS20,BIS,20,a,3,3,3,4,2,1444
BIS20,BIS,20,b,3,1,1,4,2,1444
BIS20,BIS,20,b,3,1,2,4,2,1444
BIS20,BIS,20,b,3,1,3,4,2,1444
BIS20,BIS,20,b,3,2,1,4,2,1444
BIS20,BIS,20,b,3,2,2,4,2,1444
BIS20,BIS,20,b,3,2,3,4,2,1444
BIS20,BIS,20,b,3,3,1,4,2,1444
BIS20,BIS,20,b,3,3,2,4,2,1444
BIS20,BIS,20,b,3,3,3,4,2,1444
BIS20,BIS,20,c,3,1,1,4,2,1444
BIS20,BIS,20,c,3,1,2,4,2,1444
BIS20,BIS,20,c,3,1,3,3,2,1444
BIS20,BIS,20,c,3,2,1,4,2,1444
BIS20,BIS,20,c,3,2,2,4,2,1444
BIS20,BIS,20,c,3,2,3,4,2,1444
BIS20,BIS,20,c,3,3,1,4,2,1444
BIS20,BIS,20,c,3,3,2,4,2,1444
BIS20,BIS,20,c,3,3,3,4,2,1444
BIS20,BIS,20,d,3,1,1,4,1,1444
BIS20,BIS,20,d,3,1,2,4,2,1444
BIS20,BIS,20,d,3,1,3,4,1,1444
BIS20,BIS,20,d,3,2,1,4,2,1444
BIS20,BIS,20,d,3,2,2,4,2,1444
BIS20,BIS,20,d,3,2,3,4,2,1444
BIS20,BIS,20,d,3,3,1,4,2,1444
BIS20,BIS,20,d,3,3,2,4,2,1444
BIS20,BIS,20,d,3,3,3,4,2,1444
BOS5,BOS,5,B,1,8,1,4,2,715
BOS5,BOS,5,B,1,8,2,4,2,715
BOS5,BOS,5,B,1,34,1,4,2,715
BOS5,BOS,5,B,1,34,2,4,2,715
BOS5,BOS,5,B,1,169,1,4,1,715
BOS5,BOS,5,C,2,316,1,4,0,715
BOS5,BOS,5,C,2,316,2,4,0,715
BOS5,BOS,5,C,2,322,1,4,0,715
BOS5,BOS,5,C,2,322,2,4,0,715
BOS5,BOS,5,C,2,335,1,4,2,715
BOS5,BOS,5,C,2,335,2,4,2,715
Bos-6,BOS,6,A,1,18,1,4,2,715
Bos-6,BOS,6,A,1,18,2,4,2,715
Bos-6,BOS,6,A,1,39,1,4,1,715
Bos-6,BOS,6,A,1,39,2,4,2,715
Bos-6,BOS,6,A,1,123,1,4,1,715
Bos-6,BOS,6,A,1,123,2,4,2,715
Bos-6,BOS,6,A,1,123,3,4,2,715
Bos-6,BOS,6,C,2,313,1,4,1,715
Bos-6,BOS,6,C,2,313,2,4,1,715
Bos-6,BOS,6,C,2,320,1,4,1,715
Bos-6,BOS,6,C,2,320,2,4,2,715
Bos-6,BOS,6,C,2,332,1,4,1,715
Bos-6,BOS,6,C,2,332,2,4,2,715
Bos-9,BOS,9,A,1,6,1,4,1,715
Bos-9,BOS,9,A,1,6,2,4,2,715
Bos-9,BOS,9,A,1,32,1,4,0,715
Bos-9,BOS,9,A,1,32,2,4,2,715
Bos-9,BOS,9,A,1,156,1,4,2,715
Bos-9,BOS,9,A,1,156,2,4,2,715
Bos-9,BOS,9,B,1,99,1,4,1,715
Bos-9,BOS,9,B,1,99,2,4,2,715
Bos-9,BOS,9,B,1,189,1,4,2,715
Bos-10,BOS,10,B,1,36,1,4,0,715
Bos-10,BOS,10,B,1,36,2,4,2,715
Bos-10,BOS,10,B,1,157,1,4,1,715
Bos-10,BOS,10,B,1,157,2,4,2,715
Bos-10,BOS,10,B,1,229,1,4,2,715
Bos-10,BOS,10,B,1,229,2,4,2,715
Bos-10,BOS,10,C,2,318,1,4,0,715
Bos-10,BOS,10,C,2,318,2,4,0,715
Bos-10,BOS,10,C,2,324,1,4,0,715
Bos-10,BOS,10,C,2,324,2,4,0,715
Bos-10,BOS,10,C,2,326,1,4,0,715
Bos-10,BOS,10,C,2,326,2,4,2,715
COC14,COC,14,a,3,1,1,4,2,519
COC14,COC,14,a,3,1,2,4,2,519
COC14,COC,14,a,3,1,3,4,2,519
COC14,COC,14,a,3,2,1,4,2,519
COC14,COC,14,a,3,2,2,4,2,519
COC14,COC,14,a,3,2,3,4,1,519
COC14,COC,14,a,3,3,1,4,2,519
COC14,COC,14,a,3,3,2,4,2,519
COC14,COC,14,a,3,3,3,4,1,519
COC14,COC,14,b,3,1,1,4,2,519
COC14,COC,14,b,3,1,2,4,2,519
COC14,COC,14,b,3,1,3,4,2,519
COC14,COC,14,b,3,2,1,4,2,519
COC14,COC,14,b,3,2,2,4,2,519
COC14,COC,14,b,3,2,3,4,2,519
COC14,COC,14,b,3,3,1,4,1,519
COC14,COC,14,b,3,3,2,4,2,519
COC14,COC,14,b,3,3,3,4,2,519
COC14,COC,14,c,3,1,1,4,2,519
COC14,COC,14,c,3,1,2,4,2,519
COC14,COC,14,c,3,1,3,4,2,519
COC14,COC,14,c,3,2,1,4,2,519
COC14,COC,14,c,3,2,2,4,2,519
COC14,COC,14,c,3,2,3,4,2,519
COC14,COC,14,c,3,3,1,4,2,519
COC14,COC,14,c,3,3,2,4,2,519
COC14,COC,14,c,3,3,3,4,2,519
COC14,COC,14,d,3,1,1,4,2,519
COC14,COC,14,d,3,1,2,4,2,519
COC14,COC,14,d,3,1,3,4,2,519
COC14,COC,14,d,3,2,1,4,2,519
COC14,COC,14,d,3,2,2,4,2,519
COC14,COC,14,d,3,2,3,4,1,519
COC14,COC,14,d,3,3,1,4,2,519
COC14,COC,14,d,3,3,2,4,1,519
COC14,COC,14,d,3,3,3,4,2,519
COC17,COC,17,a,3,1,1,4,2,519
COC17,COC,17,a,3,1,2,4,2,519
COC17,COC,17,a,3,1,3,4,2,519
COC17,COC,17,a,3,2,1,4,2,519
COC17,COC,17,a,3,2,2,4,2,519
COC17,COC,17,a,3,2,3,4,2,519
COC17,COC,17,a,3,3,1,4,2,519
COC17,COC,17,a,3,3,2,4,2,519
COC17,COC,17,a,3,3,3,4,2,519
COC17,COC,17,b,3,1,1,4,2,519
COC17,COC,17,b,3,1,2,4,2,519
COC17,COC,17,b,3,1,3,4,2,519
COC17,COC,17,b,3,2,1,4,2,519
COC17,COC,17,b,3,2,2,4,2,519
COC17,COC,17,b,3,2,3,4,2,519
COC17,COC,17,b,3,3,1,4,2,519
COC17,COC,17,b,3,3,2,4,2,519
COC17,COC,17,b,3,3,3,4,2,519
COC17,COC,17,d,3,1,1,4,2,519
COC17,COC,17,d,3,1,2,4,2,519
COC17,COC,17,d,3,1,3,4,2,519
COC17,COC,17,d,3,2,1,4,2,519
COC17,COC,17,d,3,2,2,4,2,519
COC17,COC,17,d,3,2,3,4,2,519
COC17,COC,17,d,3,3,1,4,2,519
COC17,COC,17,d,3,3,2,4,2,519
COC17,COC,17,d,3,3,3,4,2,519
Coc-19,COC,19,a,3,1,1,4,2,519
Coc-19,COC,19,a,3,1,2,4,2,519
Coc-19,COC,19,a,3,1,3,4,2,519
Coc-19,COC,19,a,3,2,1,4,2,519
Coc-19,COC,19,a,3,2,2,4,2,519
Coc-19,COC,19,a,3,2,3,4,2,519
Coc-19,COC,19,a,3,3,1,4,2,519
Coc-19,COC,19,a,3,3,2,4,2,519
Coc-19,COC,19,a,3,3,3,4,2,519
Coc-19,COC,19,b,3,1,1,4,2,519
Coc-19,COC,19,b,3,1,2,4,2,519
Coc-19,COC,19,b,3,1,3,4,1,519
Coc-19,COC,19,b,3,2,1,4,2,519
Coc-19,COC,19,b,3,2,2,4,2,519
Coc-19,COC,19,b,3,2,3,4,2,519
Coc-19,COC,19,b,3,3,1,4,2,519
Coc-19,COC,19,b,3,3,2,4,2,519
Coc-19,COC,19,b,3,3,3,4,2,519
Coc-19,COC,19,c,3,1,1,4,2,519
Coc-19,COC,19,c,3,1,2,4,2,519
Coc-19,COC,19,c,3,1,3,4,1,519
Coc-19,COC,19,c,3,2,1,4,2,519
Coc-19,COC,19,c,3,2,2,4,2,519
Coc-19,COC,19,c,3,2,3,4,1,519
Coc-19,COC,19,c,3,3,1,4,2,519
Coc-19,COC,19,c,3,3,2,4,2,519
Coc-19,COC,19,c,3,3,3,4,2,519
Coc-19,COC,19,d,3,1,1,4,2,519
Coc-19,COC,19,d,3,1,2,4,2,519
Coc-19,COC,19,d,3,1,3,4,2,519
Coc-19,COC,19,d,3,2,1,4,2,519
Coc-19,COC,19,d,3,2,2,4,2,519
Coc-19,COC,19,d,3,2,3,4,2,519
Coc-19,COC,19,d,3,3,1,4,2,519
Coc-19,COC,19,d,3,3,2,4,2,519
Coc-19,COC,19,d,3,3,3,4,2,519
Hor-4,HOR,4,A,1,134,1,4,2,413
Hor-4,HOR,4,A,1,134,2,4,2,413
Hor-4,HOR,4,B,1,66,1,4,2,413
Hor-4,HOR,4,B,1,66,2,4,2,413
Hor-4,HOR,4,B,1,182,1,4,2,413
Hor-4,HOR,4,B,1,242,1,4,2,413
Hor-4,HOR,4,B,1,242,2,4,2,413
Hor-6,HOR,6,A,1,80,1,4,1,413
Hor-6,HOR,6,A,1,80,2,4,1,413
Hor-6,HOR,6,A,1,165,1,4,2,413
Hor-6,HOR,6,A,1,165,2,4,2,413
Hor-6,HOR,6,B,1,90,1,4,1,413
Hor-6,HOR,6,B,1,90,2,4,2,413
Hor-7,HOR,7,a,3,1,1,4,2,413
Hor-7,HOR,7,a,3,1,2,4,2,413
Hor-7,HOR,7,a,3,1,3,4,2,413
Hor-7,HOR,7,a,3,2,1,4,2,413
Hor-7,HOR,7,a,3,2,2,4,2,413
Hor-7,HOR,7,a,3,2,3,4,2,413
Hor-7,HOR,7,a,3,3,1,4,2,413
Hor-7,HOR,7,a,3,3,2,4,2,413
Hor-7,HOR,7,a,3,3,3,4,1,413
Hor-7,HOR,7,b,3,1,1,4,2,413
Hor-7,HOR,7,b,3,1,2,4,2,413
Hor-7,HOR,7,b,3,1,3,4,2,413
Hor-7,HOR,7,b,3,2,1,4,2,413
Hor-7,HOR,7,b,3,2,2,4,1,413
Hor-7,HOR,7,b,3,2,3,4,2,413
Hor-7,HOR,7,b,3,3,1,4,0,413
Hor-7,HOR,7,b,3,3,2,4,0,413
Hor-7,HOR,7,b,3,3,3,4,0,413
Hor-7,HOR,7,c,3,1,1,4,2,413
Hor-7,HOR,7,c,3,1,2,4,1,413
Hor-7,HOR,7,c,3,1,3,4,2,413
Hor-7,HOR,7,c,3,2,1,4,2,413
Hor-7,HOR,7,c,3,2,2,4,2,413
Hor-7,HOR,7,c,3,2,3,4,2,413
Hor-7,HOR,7,c,3,3,1,4,2,413
Hor-7,HOR,7,c,3,3,2,4,2,413
Hor-7,HOR,7,c,3,3,3,4,2,413
Hor-7,HOR,7,d,3,1,1,4,2,413
Hor-7,HOR,7,d,3,1,2,4,2,413
Hor-7,HOR,7,d,3,1,3,4,2,413
Hor-7,HOR,7,d,3,2,1,4,2,413
Hor-7,HOR,7,d,3,2,2,4,2,413
Hor-7,HOR,7,d,3,2,3,4,2,413
Hor-7,HOR,7,d,3,3,1,4,1,413
Hor-7,HOR,7,d,3,3,2,4,1,413
Hor-7,HOR,7,d,3,3,3,4,1,413
Hor-16,HOR,16,a,3,1,1,4,2,413
Hor-16,HOR,16,a,3,1,2,4,2,413
Hor-16,HOR,16,a,3,1,3,4,0,413
Hor-16,HOR,16,a,3,2,1,4,2,413
Hor-16,HOR,16,a,3,2,2,4,2,413
Hor-16,HOR,16,a,3,2,3,4,2,413
Hor-16,HOR,16,a,3,3,1,3,2,413
Hor-16,HOR,16,a,3,3,2,3,2,413
Hor-16,HOR,16,a,3,3,3,4,2,413
Hor-16,HOR,16,b,3,1,1,4,2,413
Hor-16,HOR,16,b,3,1,2,4,2,413
Hor-16,HOR,16,b,3,1,3,4,2,413
Hor-16,HOR,16,b,3,2,1,4,2,413
Hor-16,HOR,16,b,3,2,2,4,2,413
Hor-16,HOR,16,b,3,2,3,4,2,413
Hor-16,HOR,16,b,3,3,1,4,1,413
Hor-16,HOR,16,b,3,3,2,4,1,413
Hor-16,HOR,16,b,3,3,3,4,1,413
Hor-16,HOR,16,c,3,1,1,4,2,413
Hor-16,HOR,16,c,3,1,2,3,2,413
Hor-16,HOR,16,c,3,1,3,4,2,413
Hor-16,HOR,16,c,3,2,1,4,0,413
Hor-16,HOR,16,c,3,2,2,4,0,413
Hor-16,HOR,16,c,3,2,3,4,1,413
Hor-16,HOR,16,d,3,1,1,4,2,413
Hor-16,HOR,16,d,3,1,2,4,2,413
Hor-16,HOR,16,d,3,1,3,4,2,413
Hor-16,HOR,16,d,3,2,1,4,1,413
Hor-16,HOR,16,d,3,2,2,4,1,413
Hor-16,HOR,16,d,3,2,3,4,1,413
MUR15,MUR,15,A,1,77,1,4,2,836
MUR15,MUR,15,A,1,77,2,4,2,836
MUR15,MUR,15,A,1,161,1,4,2,836
MUR15,MUR,15,A,1,285,1,4,2,836
MUR15,MUR,15,A,1,285,2,4,2,836
MUR15,MUR,15,B,1,75,1,4,2,836
MUR15,MUR,15,B,1,75,2,4,2,836
MUR15,MUR,15,B,1,153,1,4,2,836
MUR15,MUR,15,B,1,153,2,4,2,836
MUR15,MUR,15,B,1,227,1,4,2,836
MUR15,MUR,15,B,1,227,2,4,2,836
MUR16,MUR,16,A,1,16,1,4,2,836
MUR16,MUR,16,A,1,16,2,4,2,836
MUR16,MUR,16,A,1,57,1,4,1,836
MUR16,MUR,16,A,1,57,2,4,1,836
MUR16,MUR,16,A,1,183,1,4,2,836
MUR16,MUR,16,A,1,183,2,4,2,836
MUR16,MUR,16,B,1,50,1,4,2,836
MUR16,MUR,16,B,1,50,2,4,2,836
MUR17,MUR,17,C,2,369,1,4,0,836
MUR17,MUR,17,C,2,369,2,4,2,836
MUR17,MUR,17,C,2,391,1,4,2,836
MUR17,MUR,17,C,2,391,2,4,2,836
MUR17,MUR,17,C,2,402,1,4,1,836
MUR17,MUR,17,C,2,402,2,4,2,836
Mur-20,MUR,20,A,1,108,1,4,2,836
Mur-20,MUR,20,A,1,108,2,4,2,836
Mur-20,MUR,20,A,1,210,1,4,1,836
Mur-20,MUR,20,A,1,210,2,4,2,836
Mur-20,MUR,20,A,1,267,1,4,2,836
Mur-20,MUR,20,B,1,155,1,4,1,836
Mur-20,MUR,20,B,1,155,2,4,2,836
Mur-20,MUR,20,B,1,228,1,4,0,836
Mur-20,MUR,20,B,1,228,2,4,1,836
Mur-20,MUR,20,B,1,283,1,4,0,836
Mur-20,MUR,20,B,1,283,2,4,0,836
PAL6,PAL,6,A,1,13,1,4,1,1585
PAL6,PAL,6,A,1,13,2,4,2,1585
PAL6,PAL,6,A,1,37,1,4,1,1585
PAL6,PAL,6,A,1,37,2,4,2,1585
PAL6,PAL,6,A,1,162,1,4,2,1585
PAL6,PAL,6,A,1,162,2,4,2,1585
PAL6,PAL,6,B,1,2,1,4,2,1585
PAL6,PAL,6,B,1,2,2,4,2,1585
PAL6,PAL,6,B,1,28,1,4,2,1585
PAL6,PAL,6,B,1,28,2,4,2,1585
Pal-7,PAL,7,b,3,1,1,4,2,1585
Pal-7,PAL,7,b,3,1,2,4,2,1585
Pal-7,PAL,7,b,3,1,3,4,2,1585
Pal-7,PAL,7,b,3,2,1,4,2,1585
Pal-7,PAL,7,b,3,2,2,4,2,1585
Pal-7,PAL,7,b,3,2,3,4,2,1585
Pal-7,PAL,7,b,3,3,1,4,2,1585
Pal-7,PAL,7,b,3,3,2,4,2,1585
Pal-7,PAL,7,b,3,3,3,4,2,1585
Pal-7,PAL,7,c,3,1,1,4,2,1585
Pal-7,PAL,7,c,3,1,2,4,2,1585
Pal-7,PAL,7,c,3,1,3,4,2,1585
Pal-7,PAL,7,c,3,2,1,4,2,1585
Pal-7,PAL,7,c,3,2,2,4,2,1585
Pal-7,PAL,7,c,3,2,3,4,2,1585
Pal-7,PAL,7,c,3,3,1,4,2,1585
Pal-7,PAL,7,c,3,3,2,4,2,1585
Pal-7,PAL,7,c,3,3,3,4,2,1585
Pal-7,PAL,7,d,3,1,1,4,2,1585
Pal-7,PAL,7,d,3,1,2,4,2,1585
Pal-7,PAL,7,d,3,1,3,3,2,1585
Pal-7,PAL,7,d,3,2,1,4,2,1585
Pal-7,PAL,7,d,3,2,2,4,2,1585
Pal-7,PAL,7,d,3,2,3,4,2,1585
Pal-7,PAL,7,d,3,3,1,4,2,1585
Pal-7,PAL,7,d,3,3,2,4,2,1585
Pal-7,PAL,7,d,3,3,3,4,2,1585
Pal-12,PAL,12,C,2,348,1,4,2,1585
Pal-12,PAL,12,C,2,348,2,4,2,1585
Pal-12,PAL,12,C,2,367,1,4,2,1585
Pal-12,PAL,12,C,2,367,2,4,2,1585
PAL16,PAL,16,a,3,1,1,3,2,1585
PAL16,PAL,16,a,3,1,2,3,2,1585
PAL16,PAL,16,a,3,1,3,3,2,1585
PAL16,PAL,16,a,3,2,1,4,2,1585
PAL16,PAL,16,a,3,2,2,4,2,1585
PAL16,PAL,16,a,3,2,3,4,2,1585
PAL16,PAL,16,a,3,3,1,4,2,1585
PAL16,PAL,16,a,3,3,2,4,2,1585
PAL16,PAL,16,a,3,3,3,4,2,1585
PAL16,PAL,16,b,3,1,1,4,2,1585
PAL16,PAL,16,b,3,1,2,4,2,1585
PAL16,PAL,16,b,3,1,3,4,2,1585
PAL16,PAL,16,b,3,2,1,4,2,1585
PAL16,PAL,16,b,3,2,2,4,2,1585
PAL16,PAL,16,b,3,2,3,4,2,1585
PAL16,PAL,16,c,3,1,1,4,2,1585
PAL16,PAL,16,c,3,1,2,3,2,1585
PAL16,PAL,16,c,3,1,3,4,2,1585
PAL16,PAL,16,c,3,2,1,4,2,1585
PAL16,PAL,16,c,3,2,2,4,2,1585
PAL16,PAL,16,c,3,2,3,4,2,1585
PAL16,PAL,16,c,3,3,1,4,2,1585
PAL16,PAL,16,c,3,3,2,4,2,1585
PAL16,PAL,16,c,3,3,3,4,2,1585
PAL16,PAL,16,d,3,1,1,4,2,1585
PAL16,PAL,16,d,3,1,2,4,2,1585
PAL16,PAL,16,d,3,1,3,4,2,1585
PAL16,PAL,16,d,3,2,1,4,2,1585
PAL16,PAL,16,d,3,2,2,4,2,1585
PAL16,PAL,16,d,3,2,3,4,2,1585
PAL16,PAL,16,d,3,3,1,4,2,1585
PAL16,PAL,16,d,3,3,2,4,2,1585
PAL16,PAL,16,d,3,3,3,4,2,1585
PAN1,PAN,1,C,2,393,1,4,0,1706
PAN1,PAN,1,C,2,393,2,4,1,1706
PAN1,PAN,1,C,2,403,1,2,1,1706
PAN1,PAN,1,C,2,403,2,4,2,1706
PAN1,PAN,1,C,2,410,1,4,2,1706
PAN1,PAN,1,C,2,410,2,4,2,1706
PAN5,PAN,5,C,2,416,1,4,2,1706
PAN5,PAN,5,C,2,416,2,4,2,1706
PAN5,PAN,5,C,2,420,1,4,2,1706
PAN5,PAN,5,C,2,420,2,4,2,1706
PAN5,PAN,5,C,2,422,1,4,2,1706
PAN5,PAN,5,C,2,422,2,4,2,1706
Pan-9,PAN,9,C,2,395,1,4,1,1706
Pan-9,PAN,9,C,2,395,2,4,2,1706
Pan-9,PAN,9,C,2,405,1,4,2,1706
Pan-9,PAN,9,C,2,405,2,4,2,1706
Pan-9,PAN,9,C,2,412,1,4,2,1706
Pan-9,PAN,9,C,2,412,2,4,2,1706
Pin-3,PIN,3,a,3,1,1,4,0,177
Pin-3,PIN,3,a,3,1,2,4,0,177
Pin-3,PIN,3,a,3,1,3,4,2,177
Pin-3,PIN,3,a,3,2,1,4,2,177
Pin-3,PIN,3,a,3,2,2,4,0,177
Pin-3,PIN,3,a,3,2,3,4,0,177
Pin-3,PIN,3,a,3,3,1,4,0,177
Pin-3,PIN,3,a,3,3,2,4,1,177
Pin-3,PIN,3,a,3,3,3,4,0,177
Pin-3,PIN,3,b,3,1,1,4,1,177
Pin-3,PIN,3,b,3,1,2,4,0,177
Pin-3,PIN,3,b,3,1,3,4,1,177
Pin-3,PIN,3,b,3,2,1,4,1,177
Pin-3,PIN,3,b,3,2,2,4,1,177
Pin-3,PIN,3,b,3,2,3,4,1,177
Pin-3,PIN,3,b,3,3,1,4,0,177
Pin-3,PIN,3,b,3,3,2,4,2,177
Pin-3,PIN,3,b,3,3,3,4,1,177
Pin-3,PIN,3,c,3,1,1,4,1,177
Pin-3,PIN,3,c,3,1,2,4,2,177
Pin-3,PIN,3,c,3,1,3,4,1,177
Pin-3,PIN,3,c,3,2,1,4,1,177
Pin-3,PIN,3,c,3,2,2,4,2,177
Pin-3,PIN,3,c,3,2,3,4,2,177
Pin-6,PIN,6,a,3,1,1,4,2,177
Pin-6,PIN,6,a,3,1,2,4,2,177
Pin-6,PIN,6,a,3,1,3,4,2,177
Pin-6,PIN,6,a,3,2,1,4,2,177
Pin-6,PIN,6,a,3,2,2,4,0,177
Pin-6,PIN,6,a,3,2,3,4,1,177
Pin-6,PIN,6,a,3,3,1,4,0,177
Pin-6,PIN,6,a,3,3,2,4,1,177
Pin-6,PIN,6,a,3,3,3,4,1,177
Pin-6,PIN,6,b,3,1,1,4,1,177
Pin-6,PIN,6,b,3,1,2,4,2,177
Pin-6,PIN,6,b,3,1,3,4,2,177
Pin-6,PIN,6,b,3,2,1,3,2,177
Pin-6,PIN,6,b,3,2,2,4,2,177
Pin-6,PIN,6,b,3,2,3,4,2,177
Pin-6,PIN,6,b,3,3,1,4,0,177
Pin-6,PIN,6,b,3,3,2,4,1,177
Pin-6,PIN,6,b,3,3,3,4,0,177
Pin-6,PIN,6,c,3,1,1,4,2,177
Pin-6,PIN,6,c,3,1,2,4,2,177
Pin-6,PIN,6,c,3,1,3,4,2,177
Pin-6,PIN,6,c,3,2,1,4,2,177
Pin-6,PIN,6,c,3,2,2,4,2,177
Pin-6,PIN,6,c,3,2,3,4,2,177
Pin-6,PIN,6,c,3,3,1,4,0,177
Pin-6,PIN,6,c,3,3,2,4,2,177
Pin-6,PIN,6,c,3,3,3,4,1,177
Pin-6,PIN,6,d,3,1,1,4,2,177
Pin-6,PIN,6,d,3,1,2,4,2,177
Pin-6,PIN,6,d,3,1,3,4,1,177
Pin-6,PIN,6,d,3,2,1,4,2,177
Pin-6,PIN,6,d,3,2,2,4,2,177
Pin-6,PIN,6,d,3,2,3,4,2,177
Pin-6,PIN,6,d,3,3,1,4,1,177
Pin-6,PIN,6,d,3,3,2,4,1,177
Pin-6,PIN,6,d,3,3,3,4,0,177
Pin-7,PIN,7,A,1,51,1,4,0,177
Pin-7,PIN,7,A,1,100,1,4,2,177
Pin-7,PIN,7,A,1,100,2,4,2,177
Pin-7,PIN,7,B,1,56,1,4,0,177
Pin-7,PIN,7,B,1,56,2,4,2,177
Pin-7,PIN,7,B,1,178,1,4,1,177
Pin-7,PIN,7,B,1,178,2,4,1,177
PIN9,PIN,9,A,1,82,1,4,0,177
PIN9,PIN,9,A,1,82,2,4,1,177
PIN9,PIN,9,A,1,167,1,4,0,177
PIN9,PIN,9,A,1,167,2,4,2,177
PIN9,PIN,9,A,1,286,1,4,2,177
PIN9,PIN,9,A,1,286,2,4,2,177
PIN9,PIN,9,B,1,48,1,4,0,177
PIN9,PIN,9,B,1,48,2,4,0,177
PIN9,PIN,9,B,1,110,1,4,1,177
PIN9,PIN,9,B,1,110,2,4,2,177
Pob-7,POB,7,A,1,86,1,4,2,665
Pob-7,POB,7,A,1,86,2,4,2,665
Pob-7,POB,7,A,1,140,1,4,2,665
Pob-7,POB,7,A,1,140,2,4,2,665
Pob-7,POB,7,A,1,221,1,4,2,665
Pob-7,POB,7,A,1,221,2,4,2,665
Pob-7,POB,7,A,1,226,1,4,2,665
Pob-7,POB,7,A,1,226,2,4,2,665
Pob-7,POB,7,B,1,149,1,4,2,665
Pob-7,POB,7,B,1,149,2,4,2,665
Pob-7,POB,7,B,1,225,1,4,2,665
Pob-7,POB,7,B,1,225,2,4,2,665
Pob-7,POB,7,B,1,279,1,4,2,665
Pob-10,POB,10,B,1,158,1,4,2,665
Pob-16,POB,16,A,1,203,1,4,2,665
Pob-16,POB,16,A,1,203,2,4,2,665
Pob-16,POB,16,A,1,261,1,4,2,665
Pob-16,POB,16,A,1,261,2,4,2,665
Pob-16,POB,16,A,1,299,1,4,2,665
Pob-16,POB,16,A,1,299,2,4,2,665
Pob-16,POB,16,B,1,113,1,4,2,665
Pob-16,POB,16,B,1,113,2,4,2,665
Pob-16,POB,16,B,1,214,1,4,2,665
Pob-16,POB,16,B,1,214,2,4,2,665
Pob-19,POB,19,B,1,92,1,4,2,665
RAB4,RAB,4,a,3,1,1,4,2,61
RAB4,RAB,4,a,3,1,2,4,2,61
RAB4,RAB,4,a,3,1,3,4,2,61
RAB4,RAB,4,a,3,2,1,4,2,61
RAB4,RAB,4,a,3,2,2,4,2,61
RAB4,RAB,4,a,3,2,3,4,2,61
RAB4,RAB,4,a,3,3,1,4,1,61
RAB4,RAB,4,a,3,3,2,4,0,61
RAB4,RAB,4,a,3,3,3,4,2,61
RAB4,RAB,4,b,3,1,1,4,1,61
RAB4,RAB,4,b,3,1,2,4,0,61
RAB4,RAB,4,b,3,1,3,4,0,61
RAB4,RAB,4,b,3,2,1,4,2,61
RAB4,RAB,4,b,3,2,2,4,2,61
RAB4,RAB,4,b,3,2,3,4,2,61
RAB4,RAB,4,b,3,3,1,4,2,61
RAB4,RAB,4,b,3,3,2,4,2,61
RAB4,RAB,4,b,3,3,3,4,1,61
RAB4,RAB,4,c,3,1,1,4,1,61
RAB4,RAB,4,c,3,1,2,4,1,61
RAB4,RAB,4,c,3,1,3,4,0,61
RAB4,RAB,4,c,3,2,1,4,2,61
RAB4,RAB,4,c,3,2,2,4,2,61
RAB4,RAB,4,c,3,2,3,4,2,61
RAB4,RAB,4,c,3,3,1,3,2,61
RAB4,RAB,4,c,3,3,2,3,2,61
RAB4,RAB,4,c,3,3,3,4,2,61
RAB4,RAB,4,d,3,1,1,4,2,61
RAB4,RAB,4,d,3,1,2,4,2,61
RAB4,RAB,4,d,3,1,3,4,2,61
RAB4,RAB,4,d,3,2,1,4,2,61
Rab-9,RAB,9,a,3,1,1,4,2,61
Rab-9,RAB,9,a,3,1,2,4,2,61
Rab-9,RAB,9,a,3,1,3,4,1,61
Rab-9,RAB,9,a,3,2,1,4,1,61
Rab-9,RAB,9,a,3,2,2,4,2,61
Rab-9,RAB,9,a,3,2,3,4,1,61
Rab-9,RAB,9,a,3,3,1,4,2,61
Rab-9,RAB,9,a,3,3,2,4,0,61
Rab-9,RAB,9,a,3,3,3,4,1,61
Rab-9,RAB,9,b,3,1,1,4,0,61
Rab-9,RAB,9,b,3,1,2,4,0,61
Rab-9,RAB,9,b,3,1,3,3,0,61
Rab-9,RAB,9,b,3,2,1,4,2,61
Rab-9,RAB,9,b,3,2,2,4,2,61
Rab-9,RAB,9,b,3,2,3,4,2,61
Rab-9,RAB,9,b,3,3,1,4,1,61
Rab-9,RAB,9,c,3,1,1,4,0,61
Rab-9,RAB,9,c,3,1,2,4,1,61
Rab-9,RAB,9,c,3,1,3,4,1,61
Rab-9,RAB,9,c,3,2,1,4,2,61
Rab-9,RAB,9,c,3,2,2,4,2,61
Rab-9,RAB,9,c,3,2,3,4,2,61
Rab-9,RAB,9,c,3,3,1,4,1,61
Rab-9,RAB,9,c,3,3,2,4,0,61
Rab-9,RAB,9,d,3,1,1,4,0,61
Rab-9,RAB,9,d,3,1,2,4,0,61
Rab-9,RAB,9,d,3,1,3,4,0,61
Rab-9,RAB,9,d,3,2,1,4,2,61
Rab-9,RAB,9,d,3,2,2,4,1,61
Rab-9,RAB,9,d,3,2,3,4,1,61
Rab-9,RAB,9,d,3,3,1,4,2,61
Rab-9,RAB,9,d,3,3,2,4,2,61
Rab-9,RAB,9,d,3,3,3,4,2,61
Rab-17,RAB,17,A,1,29,1,4,0,61
Rab-17,RAB,17,A,1,29,2,4,1,61
Rab-17,RAB,17,A,1,119,1,4,0,61
Rab-17,RAB,17,A,1,119,2,4,2,61
Rab-17,RAB,17,B,1,10,1,4,2,61
Rab-17,RAB,17,B,1,10,2,4,2,61
Rab-17,RAB,17,B,1,35,1,4,1,61
Rab-17,RAB,17,B,1,35,2,4,1,61
Rab-17,RAB,17,B,1,201,1,4,2,61
Rab-20,RAB,20,A,1,19,1,4,2,61
Rab-20,RAB,20,A,1,19,2,4,2,61
Rab-20,RAB,20,A,1,40,1,4,2,61
Rab-20,RAB,20,A,1,40,2,4,2,61
Rab-20,RAB,20,A,1,124,1,4,1,61
Rab-20,RAB,20,B,1,3,1,4,2,61
Rab-20,RAB,20,B,1,3,2,4,2,61
Rab-20,RAB,20,B,1,44,1,4,2,61
Rab-20,RAB,20,B,1,44,2,4,2,61
Rab-20,RAB,20,B,1,133,1,4,0,61
Rab-20,RAB,20,B,1,133,2,4,2,61
Spe-2,SAL,2,C,2,340,1,4,1,303
Spe-2,SAL,2,C,2,340,2,4,1,303
Spe-2,SAL,2,C,2,358,1,4,2,303
Spe-2,SAL,2,C,2,358,2,4,2,303
Spe-2,SAL,2,C,2,376,1,4,0,303
Spe-2,SAL,2,C,2,376,2,4,0,303
SPE5,SAL,5,A,1,83,1,4,0,303
SPE5,SAL,5,A,1,83,2,4,2,303
SPE5,SAL,5,A,1,168,1,4,2,303
SPE5,SAL,5,A,1,168,2,4,2,303
SPE5,SAL,5,C,2,352,1,4,1,303
SPE5,SAL,5,C,2,352,2,4,2,303
SPE5,SAL,5,C,2,356,1,4,1,303
SPE5,SAL,5,C,2,356,2,4,2,303
SPE5,SAL,5,C,2,372,1,4,0,303
SPE5,SAL,5,C,2,372,2,4,1,303
SPE5,SAL,5,C,2,385,1,4,0,303
SPE5,SAL,5,C,2,385,2,4,0,303
Spe-6,SAL,6,A,1,96,1,4,1,303
Spe-6,SAL,6,A,1,96,2,4,2,303
Spe-6,SAL,6,B,1,49,1,4,1,303
Spe-6,SAL,6,B,1,49,2,4,1,303
Spe-7,SAL,7,A,1,65,1,4,1,303
Spe-7,SAL,7,A,1,65,2,4,1,303
Spe-7,SAL,7,A,1,179,1,4,0,303
Spe-7,SAL,7,A,1,179,2,4,1,303
Spe-7,SAL,7,A,1,290,1,4,0,303
Spe-7,SAL,7,A,1,290,2,4,1,303
Spe-7,SAL,7,B,1,68,1,4,0,303
Spe-7,SAL,7,B,1,68,2,4,1,303
Spe-7,SAL,7,B,1,135,1,4,0,303
Spe-7,SAL,7,B,1,135,2,4,1,303
VDM9,VDM,9,A,1,129,1,4,2,991
VDM9,VDM,9,A,1,129,2,4,2,991
VDM9,VDM,9,A,1,252,1,4,2,991
VDM9,VDM,9,A,1,252,2,4,2,991
VDM9,VDM,9,A,1,296,1,4,2,991
VDM9,VDM,9,A,1,296,2,4,2,991
Vdm-17,VDM,17,A,1,185,1,4,1,991
Vdm-17,VDM,17,A,1,185,2,4,2,991
Vdm-17,VDM,17,A,1,244,1,4,2,991
Vdm-17,VDM,17,A,1,244,2,4,2,991
Vdm-17,VDM,17,B,1,116,1,4,2,991
Vdm-17,VDM,17,B,1,116,2,4,2,991
Vdm-17,VDM,17,B,1,217,1,3,2,991
Vdm-17,VDM,17,B,1,217,2,4,2,991
Vdm-17,VDM,17,B,1,272,1,4,2,991
Vdm-17,VDM,17,B,1,272,2,4,2,991
Vdm-20,VDM,20,A,1,117,1,3,2,991
Vdm-20,VDM,20,A,1,117,2,4,1,991
Vdm-20,VDM,20,A,1,218,1,4,1,991
Vdm-20,VDM,20,B,1,144,1,4,2,991
Vdm-20,VDM,20,B,1,144,2,4,2,991
Vdm-20,VDM,20,B,1,223,1,4,1,991
Vdm-20,VDM,20,B,1,223,2,4,2,991
Vdm-20,VDM,20,B,1,277,1,4,2,991
Vdm-20,VDM,20,B,1,277,2,4,2,991
VIE3,VIE,3,C,2,325,1,4,2,1605
VIE3,VIE,3,C,2,325,2,4,2,1605
VIE3,VIE,3,C,2,347,1,4,2,1605
VIE3,VIE,3,C,2,347,2,4,2,1605
VIE3,VIE,3,C,2,361,1,4,2,1605
VIE3,VIE,3,C,2,361,2,4,2,1605
Vie-4,VIE,4,A,1,127,1,4,2,1605
Vie-4,VIE,4,A,1,127,2,4,2,1605
Vie-4,VIE,4,A,1,250,1,4,2,1605
Vie-4,VIE,4,A,1,250,2,4,2,1605
Vie-4,VIE,4,B,1,220,1,4,1,1605
Vie-4,VIE,4,B,1,220,2,4,2,1605
Vie-4,VIE,4,B,1,278,1,4,2,1605
Vie-4,VIE,4,B,1,278,2,4,2,1605
Vie-4,VIE,4,B,1,304,1,4,2,1605
Vie-4,VIE,4,B,1,304,2,4,2,1605
Vie-6,VIE,6,b,3,1,1,4,2,1605
Vie-6,VIE,6,b,3,1,2,4,2,1605
Vie-6,VIE,6,b,3,1,3,4,2,1605
Vie-6,VIE,6,b,3,2,1,4,2,1605
Vie-6,VIE,6,b,3,2,2,4,2,1605
Vie-6,VIE,6,b,3,2,3,4,2,1605
Vie-6,VIE,6,b,3,3,1,4,2,1605
Vie-6,VIE,6,b,3,3,2,4,2,1605
Vie-6,VIE,6,b,3,3,3,4,2,1605
Vie-6,VIE,6,d,3,1,1,4,1,1605
Vie-6,VIE,6,d,3,1,2,4,2,1605
Vie-6,VIE,6,d,3,1,3,4,2,1605
Vie-6,VIE,6,d,3,2,1,4,2,1605
Vie-6,VIE,6,d,3,2,2,4,2,1605
Vie-6,VIE,6,d,3,2,3,4,2,1605
Vie-6,VIE,6,d,3,3,1,4,2,1605
Vie-6,VIE,6,d,3,3,2,4,2,1605
Vie-6,VIE,6,d,3,3,3,4,2,1605
VIE16,VIE,16,a,3,1,1,4,1,1605
VIE16,VIE,16,a,3,1,2,4,2,1605
VIE16,VIE,16,a,3,1,3,4,1,1605
VIE16,VIE,16,a,3,2,1,4,2,1605
VIE16,VIE,16,a,3,2,2,4,2,1605
VIE16,VIE,16,a,3,2,3,4,2,1605
VIE16,VIE,16,a,3,3,1,4,2,1605
VIE16,VIE,16,a,3,3,2,4,2,1605
VIE16,VIE,16,a,3,3,3,4,2,1605
VIE16,VIE,16,b,3,1,1,4,2,1605
VIE16,VIE,16,b,3,1,2,4,2,1605
VIE16,VIE,16,b,3,1,3,4,2,1605
VIE16,VIE,16,b,3,2,1,4,2,1605
VIE16,VIE,16,b,3,2,2,4,2,1605
VIE16,VIE,16,b,3,2,3,4,2,1605
VIE16,VIE,16,b,3,3,1,4,2,1605
VIE16,VIE,16,b,3,3,2,4,2,1605
VIE16,VIE,16,b,3,3,3,4,2,1605
VIE16,VIE,16,c,3,1,1,4,2,1605
VIE16,VIE,16,c,3,1,2,4,2,1605
VIE16,VIE,16,c,3,1,3,4,2,1605
VIE16,VIE,16,c,3,2,1,4,2,1605
VIE16,VIE,16,c,3,2,2,4,2,1605
VIE16,VIE,16,c,3,2,3,4,2,1605
VIE16,VIE,16,c,3,3,1,4,2,1605
VIE16,VIE,16,c,3,3,2,4,2,1605
VIE16,VIE,16,c,3,3,3,4,2,1605
